PM2.5,PM10,NO2,SO2,CO,AQI
115.48933505997194,282.2830684677006,41.10092112353083,52.38909672848559,2.6908862689854693,158.89531197822132
285.46072039092525,219.07758287420694,110.67068473877984,48.43900588534336,2.5450901108127986,214.99613849460906
220.9382128343645,130.7157703516678,175.22443799589962,3.538564514837133,9.071920347158263,196.3819628861456
181.6042528381258,327.38005768570997,147.78385284986442,34.783534934989476,2.5705073785101105,202.8608009245517
51.02549893051877,277.0451572960129,162.2794238329827,38.63936625979985,2.792302288673447,135.6037530105836
51.018383499179784,73.4206063445076,133.46275650858988,40.48345530879315,7.61804279793784,96.40563763791658
22.13466558961884,365.26160195259854,139.99393008098124,58.4370645535059,4.552424440260346,159.08848568285075
260.5219630036059,330.7895247400359,170.59315205523725,53.82665212596097,7.7894345138562935,276.17249657952505
182.3289284642466,380.4219661838504,53.68526172754126,61.18260418655102,0.7471249598874139,208.21613985450864
213.88141044983342,293.0306082714604,100.4378679104124,76.7234428926707,4.9269548173665045,186.40876548186952
11.072425817261722,249.23192641495805,48.13584115482244,81.48558813289326,0.4327746418144981,100.88357215453377
291.12340638778835,173.11478415334136,197.59526155934617,72.09418454642295,0.7202667142080098,200.90143792992245
250.5705790361244,373.7641085080652,189.0915712388896,95.59684589953854,9.073730788109668,286.0078722568015
67.64003765009147,347.7649169051593,12.68822821685865,2.8050256849598014,1.4785291740641922,136.4422768611983
58.638365326094686,27.63528134141387,142.58715864055924,20.382020582671064,5.370964754524649,86.13879942766843
59.104330406762976,20.283120053928283,185.42342189605483,1.74872462283607,4.1698464657469945,78.76837978073632
94.75146167306363,156.82071308243934,40.212192299830036,65.0999967013057,3.5386989299625426,105.44273546564746
159.80314733151016,326.11579900491483,115.74931995776275,89.9050243460487,9.008350122303998,231.433706547225
132.42378049942414,395.03769043282836,183.52021802966817,25.10474736105363,0.3160516280773461,184.20700666366417
90.91259635842236,68.66258753037599,11.619465824230774,92.77641993483437,6.671517893138332,86.96481119619062
185.49660394310195,241.7109789873327,140.99695211313377,6.966471638666524,9.63760489871415,203.42912989629173
46.15068889235234,158.54743408609838,62.9830564376474,93.50916665374592,5.645665016272235,118.52598789709855
91.18267131788936,388.26661514769523,185.25725809842342,35.81064603672381,9.374542374127609,231.46380580937793
113.07674377163906,338.42638002292637,194.35635780724672,11.040662016472435,0.6173530049316353,175.51593272353654
139.5406453440256,336.94819483734375,189.13196537711963,49.10130415944624,4.246053858834197,209.2052707051209
236.626908610939,192.7903323200384,97.47177224820544,26.420880204330285,2.6755621305243067,183.41672190941185
63.903765736716124,171.77960591168943,173.0983169429161,29.20241729423036,7.335127553309225,127.58628330622453
156.69915933201543,116.62875805297543,169.68713271433873,31.42170652770237,9.814841195922742,171.17260649925603
179.76229781430254,31.986443693861574,67.22459228243486,80.49956388543367,2.6396476181980533,117.47560119393343
18.70287175239933,347.2417267394708,166.6385174593821,54.37696639085019,6.576328554593337,174.17977117892664
184.22573131092432,327.03139356073024,12.21648876952106,31.81946221644436,2.0611665643214274,198.3982722275389
55.304616487751,399.8898925815909,121.27262630400034,61.42304454778092,5.696769520258938,195.9252675280611
24.190219930657456,398.6883664588231,49.851723271102095,71.89891674809616,4.692931618214528,168.4368020783182
284.9212334897333,226.61836518502471,28.51054272656937,27.989776072619843,9.722852763352217,246.91980103124502
289.861449756995,309.9050919203991,20.005874317695785,41.9413610510098,6.124419999695019,245.4677184217728
243.47721769435603,378.4586346541469,140.77631129623725,13.066723240357808,3.5601130836595063,235.29459983366638
94.86106190614436,341.3624823641905,71.2756179347729,18.93378560393335,1.2295482703905405,153.8911815381006
33.81327363188324,106.46575967984708,146.3295204481085,68.4306675425333,1.5973436044758522,67.47874773008638
206.8487428210863,185.71221277093647,17.744486455793762,18.96239642186707,2.3306376065172274,147.02525453032388
134.8449856531824,60.37217190908304,66.48161587696902,52.99117498303896,2.5845699472689505,95.47458794918826
41.001279279209754,382.0799006309017,110.20080201319075,71.19557991052083,8.521098972627264,183.8454157464623
151.0771884828247,246.40810743584322,159.1910171435979,11.58081538637964,5.656105603996997,176.63140360047515
15.144613728989427,99.17069414635046,67.15673807175364,57.16390974326145,5.281570022606227,55.712821960495695
273.2495186132407,271.96326691828415,127.04881840521678,26.39971558643501,1.236211831505253,214.5476371512024
81.34009457200499,251.07001377857938,177.7656609060565,96.3297606485204,8.615382964159407,178.35555369225278
200.44407388442468,149.6834600328078,125.09332169554939,48.871019025272545,7.255861601763988,170.58752333383245
96.95476744637624,54.287460957855316,50.42709757695859,80.79326242774066,0.7699167828100156,78.63222186475113
158.4200662474542,271.9135462811918,9.758152403524914,55.472427673469916,7.10756746257471,196.37868708017785
166.2795324062675,212.9200033524794,174.66928041068132,5.297840752627097,5.481028351692196,159.7140691993529
59.53206438003048,311.2041727768993,9.147535115825491,63.68198618380821,0.9090809228931047,121.37518654384871
291.0274651905448,212.86376543367743,175.5668261734189,95.18893087845905,4.637176351133699,222.84014966930442
233.66418289152878,342.35078512423064,108.14274113530634,60.55957019448679,4.898493242587465,228.1345750287087
282.1521877614358,225.24366712204937,188.11820121001475,82.09969708325222,1.7411679476164301,224.45635322791546
268.9740683761564,228.76580889880066,160.76273097586474,88.53643987149238,9.462411655302795,246.5230839936244
181.38049374927013,351.89490503675455,199.59715155400082,23.579897422944313,8.514756177658553,240.36700638361557
276.9528993318195,167.35831782283483,73.38880401308347,21.99243915091444,6.7233211395581725,184.10476144970139
31.10528810531625,62.265939095749886,154.60171634156976,61.48711789624818,4.676726053906011,82.46859096625558
62.81494441364784,21.225243762202197,83.37652815380223,41.69181851086377,4.176478861686634,52.49019592048485
18.342050228608727,304.5035297127114,98.57574595926222,84.14626898380531,6.544637324794446,150.28259342619918
100.97244757516297,251.9207250278512,127.36356532758217,90.10228921640311,5.499775507128364,167.9844289080428
119.65980045839719,284.5911095586972,175.36703726633607,35.988716550969094,0.7165037482306675,171.5659331322384
85.0479643732993,93.05602298847519,196.89627649386256,24.450185338473723,5.173776222826284,96.85131595203619
249.47756519981917,63.184875478840205,154.81331570358105,78.27202600914232,8.083395810605111,152.27688038966937
110.24223137460883,15.672419610473952,86.46452252263008,28.205797519265474,4.6464747882098845,85.33651982576164
87.87568035777733,146.7291479345728,87.16461544402868,82.43881753285416,0.6143701177872573,117.2063222252159
165.0953445316833,240.0678978733069,148.82854880983385,42.95008711122752,7.884154173901927,209.04660516567557
46.57264636755498,162.9751775888956,51.56154342481896,67.08744002985557,2.0935014431461467,91.95061153763513
241.6481093224417,180.61521958925434,26.542452060621958,10.45799606963215,2.660346265391584,162.92922388941588
26.99243988553239,362.6218908525619,74.15132073995143,62.762073142980725,1.7305928989797295,149.99907305954648
296.1316462971526,145.81963213908713,61.011603372545935,45.72500019498568,3.369129142227826,179.98239223143474
232.81220694251394,210.4559007723262,62.780083488918066,59.07423785437194,7.591839906317487,211.16986236818207
63.62112605258086,315.62467496904577,50.55351145473244,17.633406566741478,5.24192000908898,158.2188463510046
6.629024551462708,164.65168510529537,13.208171979090567,73.95050074947403,2.1283246140920546,82.00670477047923
245.56112139417607,252.61381308887067,8.485417273015692,86.41691067677962,8.790517773705204,255.04801453694796
213.52291643504705,346.32184641123064,197.60586599852616,22.45724020898679,8.807860364020138,259.27549261002764
220.05711457209125,380.31304322648043,88.41576107849316,10.475740996496011,8.718726407955469,250.50990478698188
232.524752272354,67.3586575623248,79.94369619613792,3.340220018587303,2.464082492677239,133.6105591405778
26.843172261556656,371.3691738129828,137.53122012514862,64.55517854388333,4.567269507391782,147.50224940348843
110.74738992056042,201.9253543010199,47.559508133687515,61.102309572789295,9.851397595794664,158.05260069726057
39.181372559913264,110.71531143659375,190.24243087029393,55.12304385869293,7.742923515468904,108.04548312405561
259.6155106333001,189.0629449329219,158.33727781103264,23.962762515481565,0.36895747013304225,175.3989951371673
188.87294741412958,392.212704361336,22.435145450890605,39.69969359464595,0.7455254534788713,204.67765016633786
102.61491733153152,202.12105665721916,86.42825127806103,59.85315718343113,4.692920630442094,131.55082860431605
23.749713334376974,138.2131280121282,176.4280699746221,50.17991902705777,9.101280038029445,130.34132950094917
96.73978490612035,257.02633318352304,189.222744346825,98.79076650127384,5.433147799731871,171.77297465015627
100.92907999789038,103.6567913234953,96.1432946937246,14.50753550311658,5.028343829539473,107.58246835220008
220.2338226097289,39.58669796237893,124.615220896088,69.81931085071179,1.1441896295706429,121.85499259000926
193.07945404978787,60.263091545153195,37.57161948795467,41.02755804232492,6.602123036770511,137.73314885893143
266.72775906001635,59.93787719353125,198.2778820967104,43.39176187763586,8.238821289942232,198.28452027588804
144.30340292277504,69.2420504697948,50.17598176977146,72.04217880015945,3.866158074324867,101.37528058155686
40.280302551799004,64.14259733326995,188.8326959563495,69.5511789811126,7.778557324160742,93.50490944449795
215.40721223078353,259.9411504732537,131.68109655351185,99.13434337651664,9.648318873618035,232.43110810761587
229.43158934198473,80.93323291566648,123.50867500137753,13.711034655958398,2.1172879453641222,126.90230706931588
170.5767732830014,144.81024049630665,104.97425964821917,11.306855289032468,5.280963348827939,141.51413110274243
232.4353180865955,359.7474798633446,49.98061328496294,72.70954289574537,2.942665785037298,223.11850700145234
150.66970092749526,194.8450397025202,39.422966241074114,58.2603047836345,7.9492587484350095,176.97990493352737
159.20618466768823,270.3475180232006,47.9948107686842,28.14190598942078,5.818174322223459,184.11688585098256
131.12460041577214,77.20474976863564,41.35546111812963,8.862517529909674,6.382365933748007,114.48079174411896
12.498642389508081,84.9927173353816,157.0189723455169,9.480166710046623,7.999350180197351,95.65291658464054
36.82797096302481,25.938760343926756,73.27442553751237,89.5248965917477,4.020107679358303,57.519569214111506
14.271609777586605,75.88467459814417,16.27932192986229,19.994865147155547,9.159391677229728,81.8030718836172
192.74107132281523,118.65023222246386,193.9750128774582,33.01378464943655,5.376985785736785,161.24308934791372
97.73501441751637,79.03408886793126,177.33824756786802,23.438983820471815,1.6637527460699455,93.85434279056592
155.0283538935873,44.59398816525169,185.91169522306652,36.144634277361796,6.989401269871144,126.71459073029315
272.73210980819744,57.04798972923432,199.0070254160549,7.872960431863243,7.953287369338718,162.27350469077038
78.5412075989181,189.70371953276305,38.90957359780002,52.386919299918766,3.235940602968514,112.29415958214756
126.06296229551077,90.47015017825908,82.26719368601846,7.693643795629275,8.586074644287654,143.7201683022845
227.88758587019936,152.06524580874944,152.8565027622978,80.23529427441379,9.070818222181087,214.70003292769712
72.49545882002863,206.33273563339418,140.7240205204895,24.13749610913287,2.8413544250403087,131.24490285210518
27.70907339949393,279.25398316545244,35.00970173627174,54.46117954584655,9.836862579880698,165.35253255511077
90.47667860956157,25.331734538028584,164.08745937317047,88.12782966858437,1.4930441276827084,77.36351725743661
52.5602797399313,321.7700555745266,48.76591150814883,65.43685953567223,2.099955117184651,141.44833833269183
279.26080744105906,254.88115190145402,48.6444348904115,53.762820868582196,1.9238259084564588,201.85200471069803
243.395511971503,41.88602246006005,109.71001246421565,33.109041558422184,8.950498129077918,165.7976790140021
191.85410817057493,350.6956634016431,120.62328729413211,33.9671893927616,6.577496268017122,236.4545827952093
262.0808741053767,369.14023620740716,118.11681052837318,67.27920856462082,1.6058324039005016,254.18202880486288
242.08326268523876,33.82040434339686,22.8399332925622,99.41979676089558,4.459201841846655,140.10694583488365
60.038167371380574,117.98228277740945,176.10486821292417,66.52207979508849,6.1914504481910395,110.1280061750174
268.30490455454344,324.4184991192939,56.79200830479768,56.22055831963247,0.9262944413948946,220.58552001558903
164.10596136511697,301.82127924962674,30.255409650146813,73.33440051368537,8.835922047232653,216.73942706277245
243.19484577339844,81.96319754898715,178.30587557445054,47.0553556160881,8.055675000871199,170.24284753612994
269.3469334774305,91.64623610131702,191.35204215480192,6.9540919174777365,5.101547058408718,157.60918338926652
98.81102511669984,154.48412008863897,173.11488536676288,56.66738477191307,9.674553491065787,151.71527204755233
37.46531773566464,198.9639642244983,162.85563457135123,95.80490316603264,4.235833694823487,109.51341435032958
72.2408729498728,251.1193608968154,132.77218622460924,18.354991293408304,9.842692158461329,163.47693401662906
130.9967976447456,153.87631943221123,112.41718726878217,69.3104841912459,6.712407988155908,148.81861878616925
246.31435594713548,190.38853929192769,21.962418182724978,20.89243517724659,6.383245605214021,187.31153343826966
258.91552206062136,301.51366587216506,84.64837654878625,54.04694076283504,1.7429534634282717,231.12928297890903
7.050878506701258,24.30644912733318,77.67426081740123,10.570968515025243,8.831084807215975,66.35968075622618
155.6704542603819,108.4504082941681,55.65198783326361,45.58672268956033,4.33214791041409,129.5926583928643
128.13624592888982,288.20633849497545,146.06692216927405,75.86016956062936,1.7061107172465457,174.66173411970564
70.52180408886542,359.13066669800776,101.6957683403603,35.409580899659225,0.22481444776001452,139.39419762994285
40.36028336343643,209.5542024251098,20.804012101991347,66.82626072423459,5.641581268019987,126.37242556983273
104.59647556407025,217.5242592534731,47.93572438021321,79.74954611818319,5.321256259014495,145.71303348122754
283.1583626541931,51.79708442251266,138.23545891362122,92.79060412846582,7.22160086145467,194.71788717232525
100.3448649461228,184.49082306114732,19.845517600608538,24.2295661036899,8.91355472487624,133.7419025612028
158.043233414293,217.72073391745903,170.9853482395099,40.5322756651215,0.8861251879659923,138.57831421108736
212.39059287407747,104.56349641754457,101.55357276772499,16.089185319711326,7.341815254369587,172.97753473573624
112.27073270189173,115.00486007025857,98.71438257869636,99.25586671367914,1.955378246566064,112.7477625248773
291.6757144026834,157.14082361080284,120.51951800860593,92.77309582450523,8.595952826255923,219.10104281532986
288.9219520079228,17.827767133313284,165.81278835540408,54.4557558977754,8.208728787230395,175.2909784918861
79.27577726848243,135.61087457743952,72.82279554092764,84.3612961432657,5.453858174356889,126.6356211649763
151.6883092382537,92.46472272865242,137.2131497490174,52.574839749932174,7.131403706370784,131.15643906697284
93.75910139594706,137.72396734938673,115.31773297917925,62.73498311227321,3.2120661205191094,129.11316250749525
89.02794584135295,56.707231409507976,57.07051268303716,9.823318779485644,4.764562199434865,74.12933455634148
15.881649469587174,357.30563948855905,176.3328473392558,75.77177162918399,8.234205287333669,186.30975922399873
184.82147852406956,241.50105688607897,160.49807421335098,13.643634879888248,4.646725452014818,183.74052188735965
153.29031185251415,274.84990446635095,133.39810775839297,82.78069539500031,3.642202826721874,189.6318648406831
20.18623161874686,317.7767830568619,170.86343717337718,78.4207806793682,4.992703227777969,147.85832546757976
87.20070694980038,204.39245758233233,174.12236918716147,71.16572507655466,8.299667599128462,160.59723841591082
272.9384363601628,43.89891235409524,143.13078045943178,4.579877671951449,3.4185596689716404,154.61810416224742
75.67075774675686,219.47155130923363,168.21759903091603,31.00970723858753,1.8202397720438637,115.11182342082778
47.743987266910814,238.86803602814285,141.0069350255103,27.048144421173443,7.1489388012747295,150.71645112045044
149.3885642818811,300.7213949318887,137.62745049325858,36.65350433968039,8.27718430581001,203.65372553994715
295.7668839626272,178.34722302957496,125.62921875196093,9.676631929620015,1.09631103738298,188.53706159559619
76.40630509589262,59.756318090269865,151.77974471374003,93.75882448007522,2.474753716283853,75.47354922015367
203.27998648473417,120.67260326150254,35.92799553214937,55.82642183052525,1.5055226986338397,108.593494213828
229.67778652197168,151.6020955954677,176.76979804379104,31.24690675514433,3.54461997466345,173.96623601463807
75.1030754777579,261.9077241193245,175.00948791032025,40.30117019035406,4.558474691163585,177.06314090891505
219.82382284049856,232.60353882087563,10.703220191739033,45.27305150997873,7.513380735936734,208.72116451129781
113.4960241521797,148.87772310016004,166.03426636012873,60.45883900270111,6.546361090328574,145.25023878150182
191.53022002510593,394.7409470292621,30.129624157321814,52.05226334195328,6.247192818036469,231.85961666684815
191.89126467446394,246.252179549186,70.34817658053267,92.01980534822732,3.5885119714355787,185.03617671271573
163.05353180205375,102.51844877703785,149.98410997686352,50.1993848076772,8.430330775539124,163.61814186183463
31.635482166050448,49.695164321957456,36.348179729420096,99.22364346750796,4.765742957241829,53.14051111582093
251.4142361988252,69.61506428188949,164.50356970321712,85.29107081676447,9.79313888635003,206.53858919453393
99.63011916666207,105.92351406995817,167.26616470175966,21.642540921376245,6.378007169127795,129.5638214500173
60.022960567957,72.66573557122672,103.95620808336307,93.1289262497477,1.3500209414885773,79.44938029638412
17.028666758655355,82.76113938000925,6.245244984782548,12.520273390662133,6.794157864546796,71.87190706584063
179.31341824053135,121.18711579060037,60.97243596910799,81.92752114062797,3.31852975277382,139.16031308517526
204.88148674347332,77.61570216495439,125.30074908326974,38.681706054181426,6.894639247192364,162.8373594562508
9.893409533717564,359.7385156043058,196.33130471534758,87.91945772406189,0.7894473668078168,150.16937291017257
156.0674521982879,41.29116080804046,128.20363776825033,86.93761232063758,1.8313262280419982,101.94467816141585
71.8162536833917,214.55944193239932,55.66169830751116,80.7866146116445,8.571798863167285,143.86214193185944
195.3259731707877,170.054762525968,128.63111210442423,79.21301319439908,2.3490776145327974,162.69518158127167
56.43809655647247,393.1276605943565,110.29714904459182,31.163234770706037,8.386707139905106,212.08331239690312
208.82663274022747,53.695171845540415,157.069852054473,9.011009022073965,2.8648332756986634,118.18038637936213
119.08692715865854,165.16368362783925,25.86122457125689,40.895037697750986,6.464530909581206,121.5069040690976
281.3353466773367,388.09346897739385,153.40044098789545,18.178926983664358,6.972090677747327,282.62817796241063
45.56867852306801,347.5477790986523,110.5469828418415,69.80015780134372,5.175282056136024,166.91180650238172
105.61457355982625,328.6581076702192,192.78344075250396,35.26387292724077,3.12257569929764,180.99428823316302
38.474688765973774,110.58210254752653,71.6650723775438,97.58540988513157,2.2051793260738517,78.95498310636927
277.784617392176,76.64615908212566,128.36126916111988,64.45623565718788,0.42857461016801957,153.30029566783097
263.8151092473894,270.7708557705281,186.7454805744534,82.42557579980173,3.109069372283166,244.11838731497636
81.0927801759709,372.45663575975846,24.989396958182454,14.119942601442995,6.566311626259702,164.9075551008118
199.69529358008282,227.13752827543263,187.75955501110798,86.33943374498963,9.389217702639979,214.09039305567012
246.08054905935867,232.92894889326095,139.13771584865862,92.35296186082604,8.724924374404216,234.0520463332008
168.7842394218414,119.19184652751083,18.22822652550852,49.21912996307466,7.684041287699496,132.00430370280392
161.2469206150219,310.1022439448554,63.68789555462917,61.019040837346765,7.905628698207657,207.76973451538055
76.34642581563325,82.94706193743411,143.09355728582992,76.71617028939654,6.683350544412353,127.4351160443481
32.465316502740265,136.23490219765503,18.133367286410483,18.309024098780842,2.67683988990343,71.09390073138852
269.67864859623137,175.92021106040255,118.52323973437329,50.7540415698808,9.081230803987715,225.28841396416414
270.62332686318246,207.96804768693747,72.44719610582656,40.467639749458996,6.740249887867757,203.03083042449575
191.76492989561405,104.5397956418813,126.07852596465804,15.491025224062662,5.6483622467063554,144.3030629228191
105.0137883593667,54.78636164828938,13.919696593440007,37.38590780686161,1.1987957452134628,65.8139992010916
108.01682451073496,248.14181655223672,174.94967719971336,7.749058629163863,4.525849883683612,155.37124680370846
219.1569252667206,122.56591576369975,194.8303489895924,3.5553787879992114,4.65754688489907,180.37528998809034
269.6475266860102,236.68290635481878,193.93118178070984,14.381462626327453,8.659179734274433,248.56795630017686
266.6904951582096,70.2014589569389,151.18210718987032,96.34839604732821,5.511817379859106,168.93419340401056
235.06328602799903,197.64463972337882,30.366816825473233,55.40342405360668,3.865965434807056,183.69060537447655
194.3993356155149,217.70987869511848,152.8613232061594,96.61639395416877,9.770323252255528,221.8543033170198
29.821289673539404,30.211179360746495,9.794448709466295,43.81728995468307,1.1961338739305254,43.73520329891994
52.68047065791106,141.27566849562902,9.314092548154465,31.8697971754407,4.283229440288252,104.79483185133765
270.0734856154884,62.42172400619995,68.10399273416054,51.10804442118417,0.5160442841969124,131.10639466629573
183.89657259957903,34.71623848437942,100.28542212890981,44.511657174658104,7.42505079559261,127.4698873813619
7.713130226905746,396.08449063207865,155.22944647251967,11.460803741912647,9.188957866771592,171.94863504654091
34.93410514547947,135.71799954014196,138.24259843826852,64.44180515433041,2.8723695625498458,86.9791315011737
200.73302188687646,325.8510338833076,91.95102774346593,22.38778006845036,8.597582600311297,237.13389644695434
6.493167234634512,109.3098553578679,58.35719992492485,62.33920753488513,2.992960481572788,72.29801182095014
52.4383751681621,275.78606166733243,199.43927753075369,65.36990814741718,9.116624600274761,175.01569990023023
166.8764678631429,306.4888653569778,88.10535393601472,16.050460459736165,7.564222845608161,203.73546718741795
209.1090833193445,242.29910883705926,93.02046974428671,7.073613083956148,8.068577090730242,208.20323963781846
197.32857155326715,193.91471353456177,36.90664513237549,78.29539702077554,0.2782649004444996,141.66594238291276
71.15944629086513,170.61795651743472,159.98786200623624,46.520241953162696,9.631822535032857,169.3544757596284
215.0928702975231,146.05862395176817,140.26803402739029,6.758215755042103,7.2940428214962,164.95096411908338
74.98848081155602,372.5163662566521,48.050074493808275,99.49176539980695,3.11703584432272,173.93707120155042
100.99291095698398,333.9415690372144,21.064303895089324,6.720275538640297,8.311007182102585,205.1491911401402
225.21496450981712,386.3604951599399,137.69736390456904,69.80848765699676,2.887059864307807,241.2480172752044
196.64170521892834,58.475917159362446,132.6296867848214,98.38421360107795,8.740263011704666,161.1017719824784
255.5209060957825,295.03831532942127,58.28560776465082,24.678830317376637,1.2145458650781766,201.51457594262877
198.9958032286013,375.95277816020473,190.41839463883002,15.08268750003242,7.066491176861878,246.4628020200735
172.65103798396413,80.68089580460746,34.45628889727554,13.01710900282046,5.452914918784612,139.00508306566584
32.63405650928728,35.933544273043225,89.30528620330738,31.02423960919196,1.055691254934864,19.026475628257067
113.4761619025329,299.03705322312305,189.00510443268178,11.003535290054023,2.4947488997625062,182.91052621199944
83.23469846610901,234.04451414016563,86.84682680059385,69.52397282771906,0.22279995914541642,106.01874186255023
76.97694479682966,338.3132229357261,129.51255979449667,7.166888014876206,4.740802858098608,166.99018057853584
292.03811365197146,64.5112268842529,82.53090760274489,51.43279068682918,3.082526081524004,160.68516955965526
120.96382877669431,320.1542516253572,58.47196445799066,99.6729885314447,6.023739094547812,196.25053046767465
268.1537337772484,88.63465481862036,196.8756413521665,81.58305668109587,3.0426542963153103,160.9297877225508
191.18589466919255,73.82581771762476,84.8201312314334,61.906724384870074,3.0691992039191485,133.26251142500996
239.46933454478628,74.06366119308724,179.34934471743122,31.319108457874556,7.4576126674428735,196.60483706345417
153.27794246603167,327.684140890239,49.8411481487618,62.76568779287221,0.5766140761856992,160.1284331826482
175.18664596477595,269.42691607151806,46.55541728489124,53.17710492725351,9.038660452400674,207.96634936668758
150.29271967656484,213.99551565995654,11.071146162479716,43.18225500514678,8.537412356472696,165.80832268977295
62.59668140042313,149.94388880816598,132.07503094829758,13.940327297279747,6.711266363941425,122.43857890881426
218.12337400214406,352.1082109171122,76.86263702613343,88.7738173088062,5.972893544063105,239.50140380395828
87.82784692005247,163.0535918948278,173.5498587187292,45.52868023331093,8.933794731582557,144.20917479914303
12.173210097278883,328.4737813939151,97.27593180485364,20.267628670255743,1.9347687773342732,129.71834123997914
195.4143272926145,181.26261434238518,193.79771844337074,37.408175736851675,0.8817947056892033,178.11755926409708
57.247650425079435,157.00832747571397,41.177475562108626,41.99884550036378,2.4711506821044273,88.76590601224235
282.4352823841097,190.4451164111465,174.3815177513441,82.92625166112056,7.966324959131883,242.86762903537556
286.4089302157633,127.5373709240154,156.43638629438965,73.6278236755788,0.4432356405921849,165.11465298475605
274.8849951150323,301.56765826873794,155.32975970559013,77.16118447049264,5.869787667326547,243.45796451269524
114.1968165753561,206.06095213606687,169.7327294827931,2.0920951784360744,9.954831410293968,179.17771456735903
9.559701876015891,100.56295110725875,153.39967823388477,42.19924581979639,8.57139132899164,111.25077541826994
278.853975963379,360.8340835770817,127.112962718126,48.65307101189704,5.262312321531535,267.2361139269927
131.3143237536077,159.71757633555245,30.592751148065577,2.900035405482612,0.7300450019377592,104.30992576192088
290.16317161788254,221.98561583445556,11.342605000794123,26.721507665758388,8.330597792418528,228.11326768047113
289.2678932413296,363.5241232761733,184.56533032405895,76.26869248909136,6.029887230954384,268.49315537577365
256.6377893628712,253.4528184064569,125.24681133154392,14.573860867170906,1.2378366708897117,204.90736510495927
91.86242316052778,55.590235876261985,160.32477174035438,53.995703013806576,1.0291871197512266,88.82335372449603
118.60382993756795,376.5345282092553,98.89685854494726,22.30498532970651,9.105305512422264,213.52769905904967
256.0853180974728,254.80614069785295,27.875096847666924,2.199956689745434,6.725082603086976,210.8084663399261
98.49199152110191,140.61318971626358,29.411229479497337,24.878944302354608,8.30993931323588,131.2182497642049
55.00036027239729,64.31610833872102,138.6852310096494,97.61150173609532,8.801891112794447,104.56690808871598
169.2563724252133,319.66982381541544,88.90964950539522,80.35217407641596,5.76054628527839,208.67108375302476
281.16565837743036,251.82837481212027,44.10232170656566,95.99808778778231,5.222718882374909,249.1356290475827
210.32879001911704,218.0498258707654,100.8609366145802,49.29755034870988,4.3612313621778025,183.8982122686345
173.16804517636265,358.6181073898735,17.520742729651147,11.863883669072846,3.2377712191320813,192.3965675028277
33.667065662376714,317.552912377567,118.48442337330776,55.247989408395604,4.402500012501246,141.64302326254574
186.42713187625506,69.15320309577297,57.45371386484405,45.983356121436124,7.761408591728548,151.90948335150404
297.06588578075764,131.5716064402638,160.5240246242517,84.59135119122197,6.059041967049803,211.29234192899756
46.32478449477459,106.91076452764165,65.52058199009689,10.710175497640215,8.935980570552976,96.41239137452668
157.90724744730232,300.139054103344,93.76792907095124,49.33587256515604,4.4894621423539585,203.17534640803478
263.82505621874685,23.077649546953957,7.2660052820796235,15.854817804704442,6.110186829315665,159.51236385197805
223.5267422374903,232.25697709981344,19.12714311993898,33.14291676211594,6.349944775610688,190.060284233812
210.61964359360405,307.3588874388693,81.53624349930354,73.99835066139217,5.957801906832622,203.13259310572894
212.23280477619724,351.9385983370823,98.58807276983909,48.12579480750789,7.056074353546611,250.50159683544055
111.04988960982777,143.4118819992039,122.00400688326422,38.21294022943116,2.4505913369105823,108.8718735819147
91.60959405802554,330.29034882208504,61.87420284831413,40.05315157843349,5.172401397703327,179.6919406926548
243.7615408661615,53.14637741253082,140.5214677946758,46.48523007219268,1.131825547802642,118.10728891880552
243.98345143035831,340.1163937764621,172.7238674518949,78.71663783986862,3.9066621436836444,253.23163333566958
260.7863339811306,59.72057830947314,157.0709428342032,89.31638420508321,4.927903979350518,159.3972403931676
274.40596300415905,164.94204331854323,12.725670942929643,95.5781339638889,6.557020169500177,210.16812072607453
155.84600766397665,320.9451926540259,98.69885471527664,78.90343523927422,9.510257420603415,224.0762076386349
152.94730693272388,68.46779666602177,25.4613847915441,32.225282679053265,6.046445558828723,108.180762120133
240.49707779519866,99.40804414073018,52.19877809319286,69.12533590256767,7.461579770147941,171.3911914813465
196.73935957944073,291.67850167329584,197.39920568709357,44.3227092814838,5.112033989002507,222.79484034520232
212.08022879102248,290.814249252969,32.786630865795075,26.212391582559068,6.3776299106256795,210.92336262141583
239.7588374836498,260.04757682526593,102.28318992301443,84.24628636316633,0.8022289397243569,202.42603017300442
267.55157583618205,280.639893342169,125.54036819203323,4.804208547270175,2.6184766503342853,237.10384510788015
104.70857127120306,221.6625329055625,141.98066925610027,90.27443722140693,3.6823456227308733,134.37701102444456
115.79697102878349,108.20163297371157,114.13149327994824,46.68626899784868,4.777684214564484,134.92160135391524
32.724672253056355,144.82143746652858,6.905315246740813,64.08294620401976,0.551922580473599,67.4382985638573
175.59264159387132,80.823109552556,68.65995510757841,66.27603829837248,1.4862385657778452,106.42094118956838
15.602970770038915,364.29571892011506,105.95377046001873,89.6166563299471,2.8404616471339272,135.9861186413264
142.35141534907575,237.52279995878698,22.133967333242506,64.03029853455352,9.718173639920401,183.51349700587767
165.0801672387351,166.33205253781955,73.37225158579025,61.779424891246116,3.3803353703202026,155.56502827538915
89.5296693778439,190.18226342121176,11.47460621431648,7.598552015508306,4.872206475309617,117.8594037732563
179.29581186785816,379.44050244860796,20.322806945229047,52.3223941725752,2.04136735611009,218.13338167652998
13.997573732019582,69.80704721527127,82.40003885931124,15.866731080887124,6.146722703650106,52.589677269143976
16.017715681018252,238.6296344865509,30.87957203839677,74.00594310342707,2.878763833608146,102.75745782213515
247.66716539459918,207.29658476494174,115.67046541100385,51.70997016045477,2.149226526540425,176.216083333039
111.25623921632256,248.46715181951265,139.44566898176683,68.34255014162697,5.214069021615193,169.52812707904783
42.48285123230601,17.0629716901278,161.11440632627117,5.125617159636042,0.15450741168816615,48.3774453079653
159.0617617161673,350.12832448821905,44.02929762773797,9.394409588534518,0.17587392322733075,170.677324433886
232.1480981640902,373.52613016860886,37.6591035405186,71.91601541820555,2.268781210108392,201.17635769636178
68.66720311156874,230.40194159979148,25.39072886520805,8.136349263868663,0.4635414887581293,104.24736044922821
188.75269036660507,281.69382131198796,129.10389866100917,8.0544160487606,1.1694549658938447,183.93971435801973
30.17750217316156,369.77475865914533,142.76276666494573,2.1987390482538576,3.454720428453641,158.81612873021336
20.24610774473927,285.8230673822255,11.159298241000197,95.69363843164854,8.045598227840149,157.1164700372505
161.74961631260365,69.49022673656192,187.5613880175195,74.01332758644169,5.763281569356078,129.81025715669605
164.48736087498142,234.75246046505714,15.13440031203712,35.97188944170435,5.175410486968523,174.010524954231
193.04182094197094,246.6188680893138,110.55278538370874,30.357022547477868,3.0055393497604044,192.24614147028294
219.19694344818515,175.41096180793056,143.2668012929287,35.620619744839104,9.324361822384882,187.02674129728922
292.8763634414477,297.2132518936419,174.83897913048668,77.690699586937,4.030448908248197,254.91625161684476
157.30860274885262,374.4031357599158,144.2469517658234,66.47569049597102,0.9622183912781378,196.0859397000092
100.27215951766756,370.9717200336428,161.3369761986094,19.334361218879327,6.208958509566233,199.69707937572346
239.5799274567676,185.82735484761153,71.19278754584718,18.236824198074352,1.227000095418354,170.1349039238578
84.8955141223119,54.162837877894546,163.89089718056988,10.741169321626334,3.517709113736752,80.38652359006099
134.49656910816265,394.08806759531046,20.62239504501165,66.36996925043248,5.123378193306308,199.58409452631804
28.14463249596846,337.1702537139143,179.48924793180288,76.67289355995186,8.75480299438324,182.14068240853362
12.478469307559966,58.61844566927407,111.78051334997856,27.239596404175398,4.9861111453671745,50.53702873742944
288.9812823299879,369.12833422077523,164.37306514268627,3.0735511420603685,7.052361783713476,267.4792324564179
251.61413555110073,349.25958120423,93.20206548106853,9.134995080166307,9.928886706090797,272.0954009978518
210.31239079764092,212.34684227916813,130.49765056332237,96.81814344965801,1.4017422869900182,166.08135948746838
125.64111860220962,240.5974199405224,107.64851888254208,30.249032970264604,2.819842102643243,156.98776413062956
56.1218244208995,165.6110545093508,147.65995674228972,77.15309163597523,4.006303148416699,119.27077962961454
51.148927587970384,31.35703914059222,20.917846495964966,62.84169331657211,4.2760989675344305,42.36506430838572
78.82165495855563,140.72692424190137,16.76865637815994,38.81202432563669,4.169108645128903,93.37470402866029
167.02186608830553,323.11284495322445,53.18513063197856,21.363038957359954,9.085348925309894,228.5652555372466
215.8057971965184,11.806488971795115,36.111212622071726,13.017255397781236,7.168923180221879,120.81007296184377
199.75822613173074,140.06467695954623,174.99779548547932,61.8862838358478,6.118261619497967,171.55836694708486
87.58049959905314,165.2857905004679,47.74672753481864,77.688744283141,3.162789906841543,117.59604263828427
286.68525779564226,219.58428514578992,195.2937248847306,64.74652110057194,8.255524803790818,255.66494237230418
222.67959042525172,368.74369040097656,70.69467939536584,53.499911191666676,9.555099063701391,257.374508807159
168.5344454908632,145.0749378027249,40.51299355929636,5.15317111973199,8.229862997247242,150.67708904438535
185.45762013913392,145.3117487395288,158.99120889278342,96.88038898184399,0.11549454139558175,158.16490378893795
128.782018416198,297.62548676280187,133.44801622267084,80.07270497380289,6.400373564815729,211.54338997702158
78.08064190284145,186.3649969470248,102.1481647083621,29.98938163339551,0.6062402762767972,113.17529236862171
110.01194020212216,97.59588094659297,113.29589243283809,98.01706260652621,2.6503114813038464,108.51957470093265
228.56460258698888,186.45141129175042,145.24434676309144,60.58627737399589,0.6892945334429397,163.30814228683482
9.246079145777982,64.93423794812195,49.54867455960325,58.659843162517404,6.077574984198939,56.08298567038889
39.24142894954029,78.79092473742709,199.2851136310647,75.05924476352368,6.897240143576807,106.47962661104468
18.57077939641706,204.3634313683971,195.08466661862272,81.36520902092361,1.2334276168524607,106.73344902618972
17.01499668409619,173.3809253067737,131.8135088376527,65.99138212581876,3.900004942145297,112.11677600220851
257.3608722832471,366.789901416559,43.910777931183304,13.681478890253803,4.616741438659866,248.32875313907095
212.57906851710698,151.33362065548692,137.6445072741018,34.48848309345534,3.7536249154330745,151.38233419981177
144.88127958076095,236.42945660843694,19.07868975093929,92.88028039227892,1.2981475048034112,157.08745953040352
33.86107739204544,256.58307228861685,10.977237930132183,23.23694557254134,4.247583122856006,105.19808033480646
150.02668315946553,15.106838069450118,55.24816325968667,37.84453535991382,7.536662673303339,107.69559519357448
144.67417238026687,268.7795750865171,95.21147656416667,43.7756114114754,0.8029758788792292,158.91913173253917
56.09455162345448,79.43402707920306,174.3131385546342,44.50109397975076,0.8937821394108442,92.57503762147508
132.98623652520206,384.8174238130875,146.79796860443005,61.681018666958025,3.612235789176244,238.6479849870807
122.55889664722517,67.97846382371405,149.8277716339963,94.36450793672606,9.423084545027358,147.01897907957513
186.67577892540385,171.70340825353927,87.9712002173747,24.82857847141799,6.718869202556849,169.22369174068297
192.35262700595493,43.28637055067111,72.45732354665778,13.028636253790888,6.818832571058391,137.91477728772563
18.364682882753133,398.78095821991946,77.35255878199753,20.549578496133794,3.6830079092948633,164.06196815210288
115.510721314809,205.8560540291846,197.5916649285313,88.80556512071769,5.9772418329645305,163.2803606488546
189.62867513569972,242.20015675481707,12.821292325434083,64.9352704528654,0.20029872187465947,175.24078052705147
153.42519628112586,36.15982618148672,174.07114174387746,29.304772134676853,6.397350859454468,126.84307964393815
257.6645031505551,302.48458345567934,117.84170467161671,81.7787469578931,9.141540781004744,264.4583562558145
199.31462132758878,91.86318130727845,90.53000674197014,86.27562963998017,6.16447733661371,162.44699576502725
53.06565598902176,360.24117288187836,146.42524378095163,84.80491953033753,8.749616075316816,200.38557707402975
25.817780483126803,90.0044597879828,99.90044357781706,91.9737268303159,7.267333249114329,101.24193842072663
194.5136870708631,84.36821105882996,175.31753142592382,25.971860997162796,1.2935283223965337,123.53998713481633
12.820836609778436,24.254370460757002,180.63686348219542,75.74915094588155,9.034287742129832,77.63166839613504
177.80379647567167,194.10610859289972,87.23558074032381,46.59341023013986,0.7577940591221713,135.52367823107886
282.36792122036246,230.28804197242042,58.98142046083506,84.35785673611609,5.386277978222862,227.69391099688278
174.7648824733843,35.62636937705742,120.50831407570564,73.12057703899971,1.507157525555231,115.28190557683878
119.51012823092397,312.45577051105414,182.91085239525475,77.86829720347274,0.21589544623595025,173.27590329825716
194.77002444049418,186.78264555173078,46.079126856104985,65.96002193042608,4.278139175263626,183.2823385301635
140.1846026949974,214.51220503775622,126.47848379487914,18.56544817750098,3.020903005776147,149.9804506271541
165.9569528482008,181.89747130590897,128.15424291804152,54.95766497079689,4.91140488859627,170.50765431884335
282.7321185890749,166.29759374137714,147.9570393709798,98.48230421292631,5.814278878672053,205.78044554840085
118.9002781512284,228.25972921020497,30.65569859981566,93.80141858321477,0.5330168158585789,127.27782879640475
288.5512163280547,70.54369591297788,144.58586811300728,5.274199843904155,1.317732621725082,165.11364278508955
272.0784393770388,80.95197089315573,182.2613415298,17.316666757214275,5.630559724859211,189.71858757919117
62.75838476284245,346.09639219527173,40.03820622969718,14.04114857200163,3.4973567964093166,148.88732154929315
25.46158375817381,378.98503023211674,51.32094836015614,72.87201108854426,7.318817526739535,172.1775336328916
34.729510406340864,155.59063334910365,194.42204333811972,81.96074765583757,6.557687321060203,105.8169724051561
10.37543856720717,115.59042252598597,40.29050577835051,22.13762526475652,8.471483193600077,83.85723924892366
32.86067342299887,261.15982186321617,171.60509320706794,51.07941660223107,6.95567898402533,157.4428934644188
206.48699815782527,169.4063267282576,100.99418200736679,84.2295997731088,4.356317666162466,179.4727139515329
26.00065129576755,19.900678707534496,53.21005950861952,73.54735293185881,6.7623695617048805,67.86471039695171
99.09781093665958,70.89951297281425,174.79623074813972,54.68148334369298,2.8262736251286436,98.48585467314422
254.23821673598908,289.22916925048503,91.83452472551977,59.44442135541851,3.1325036379043056,219.3250818534383
11.86522104206863,266.980337344959,105.38938401628958,51.327694144711714,7.910953083215854,133.46345145776007
245.26820236373607,20.567437076358562,75.05050703295431,30.457296680563235,4.519553212375663,144.4143427036574
88.14715855815298,96.56914315385028,120.62541602981085,56.937177293042595,8.00396537113169,126.21542200125396
39.85862414838859,100.11917066934784,36.88715515407944,69.19964490295898,8.241981499315957,102.7179768423714
210.53746378242445,272.0381700035041,81.26089964709334,87.45896867021996,8.589867142846709,220.38741063331008
190.53813980006578,17.68710972420202,194.03540285538105,63.99284404394556,9.174688834827952,131.66422850264692
263.8542439904806,50.6023469739838,55.33601937671987,76.35103216727263,4.366753683081632,166.6964023757318
221.8459579221463,321.96727329554386,133.06364958555199,16.847091860502726,3.2567815013792747,211.81517224893952
242.02687446353033,79.6324182011901,68.41206252381551,46.6941899675592,5.863767591281727,152.90218081088406
88.20019890853541,264.5709820622311,155.82725950888712,1.9238303628822364,3.7746069920325134,156.2343072485629
57.344665415018234,102.89128460822334,30.520363840078215,25.42120758764068,6.050634251322306,85.73245354866644
226.4313517340532,48.782143176144615,194.11510379031623,72.91970979618748,7.0853000401738635,177.9365290464506
243.0162480838429,104.8371544897871,93.48896056980965,99.18918518358699,6.915209683072155,188.67156806694072
297.1990168901986,291.6841034237071,51.02984035256047,10.818631859134374,3.8080735814992015,238.44574614386187
126.7222146888708,343.72162256145145,19.33186572935247,40.747937270267535,1.751915996817653,154.91337581602872
114.74533530887103,333.78574718112674,38.102791492070445,80.2070259012168,4.362240450775855,191.79548212495845
234.04182341888907,164.9015765511974,106.35591996842345,21.199527828260987,1.5116820264108966,166.01366255697633
105.53704437464026,270.553203262552,70.71561940410083,55.95340998092634,8.911960648319702,176.91471351626092
279.5734110530516,89.94387521217018,166.63225634710884,73.5740583069378,3.5241868613047886,181.8879774302228
258.2317617936885,124.32761480179518,89.02306711405215,61.982559575757726,1.6291514975109056,146.0749569855663
131.55323807563042,359.5709692232367,53.49928315458783,19.6144487269262,0.35193282306693374,173.65015141551595
226.50696499849172,15.070750169187054,125.34327238778586,36.1830722998882,6.493641624236194,133.45113855828046
227.5901478549813,43.34832703324255,142.82155729266194,78.59538666405433,6.405332942801958,144.68221350321133
35.42154130660012,91.07563950695065,37.57317204068522,55.868424899069645,3.471981249154788,52.971782452295756
271.2531074704722,20.347559510789686,37.685747176221945,1.5177317407483608,0.809947699591745,133.7024809809808
154.04944987211786,80.75981968502096,12.15092825204088,76.33808524278129,4.155326059462797,109.18062356422173
248.8049525017838,237.38620877817993,148.5983929377999,4.495824139083668,3.1810532011275967,217.28980844665884
99.41463230403046,174.3555747310742,134.441882886252,74.82764449039198,6.803494333376593,141.65893511495884
269.17935240637917,358.14196732002017,97.55302077121371,21.045575456358502,6.097214569581634,240.38668405329364
119.81449522657812,328.802989077992,169.61323754899345,95.84927453181864,3.709477909155646,180.4950911684017
8.197107186688015,143.30876716217162,162.10567982526038,37.42613437890636,2.257136287124402,89.86845207943477
272.0876830436828,111.17513903820407,119.14410105736667,33.36623001746983,9.881556064940359,205.2874465817531
31.9295696519094,158.08003918523409,174.31289970008544,15.739916982912023,4.594616049841537,96.69132856893542
99.19752308917239,240.21502758077503,45.13903595716981,31.254817333531275,6.913914934224347,155.55265976862117
285.26828027998744,114.54481992092174,26.824325782556937,87.78842542099186,1.4914743790257718,172.4072324654307
285.429108346579,253.41807406116226,57.60117424581298,99.63709942509749,4.907338026628038,241.63157121623615
174.1641769963694,169.67054435458377,16.1319369374164,37.462643520177984,0.3726135267077083,142.27435208315012
191.3919775900908,225.2984005322723,108.57805796020124,45.412452464499715,5.104005667313454,181.4677041168645
137.29142898360433,180.0893463627735,187.6381099975175,72.48502288207096,9.643772330465254,169.91407358173853
91.49717765092903,124.84164622134789,12.671990430359381,88.73338226604238,3.9036464585594226,99.57548287798052
101.95604088412522,379.8967897152411,28.811433231955228,59.71138908449163,0.48606052449162473,168.63684318815407
203.39294454272633,307.8062597223067,93.17881051526987,39.7610441196051,0.4064623301015009,179.38776358567142
226.95048618411562,64.64413854891649,187.10562841794146,41.849562244013754,3.941068923474008,143.2027905729363
238.51581789912532,348.702510600186,66.65044047046635,69.86619650318389,1.684246870985621,225.52785720749793
237.93735212439339,200.09816731731033,103.91078769423652,1.3186080968235894,0.33118575364904057,166.89673587659715
31.90580039936366,358.87536848869564,13.106707514826459,62.33934440852423,7.586514778106751,166.23007974333885
150.85398988726152,321.9435498194529,33.92692418760733,36.19380803369438,4.639377787930718,179.54866971552354
21.979834204910063,175.83326674300105,197.39287397697515,79.62553579643134,2.96352324252928,101.75736375279371
167.11102028550198,18.763030244845787,193.19814580502887,10.206073342490084,9.010823511863158,128.62552521903916
135.2514979051462,114.78417016012897,5.963296282209875,59.23202442789066,1.2497757059852037,110.20624492228112
266.8727339136984,221.2373437177381,190.6032981575316,48.61631609872625,9.56359640665766,255.2127334869524
108.51992870286321,257.0565057321974,129.62838787402256,64.59022706461752,3.208270502035793,137.52625858246657
39.53476984614373,110.57619731894889,174.24406743140432,7.420505853813866,8.895196355855944,102.3340976400196
47.182546205586576,64.34886888840141,93.67427184860253,58.418394955385,6.069134477146669,68.76732566398636
229.6456363566543,335.6227923517267,105.54122557295379,56.586974207992846,8.284402861440725,243.67968718940907
187.37432867829702,393.91685047438534,100.32508315009943,56.50534934720092,9.841730315783597,257.1821017443788
34.83118945622312,215.01917109804748,135.03853022149033,60.74527899304903,2.955213834405583,98.29622500840003
29.811507803924243,76.95492148083837,32.23199467748101,67.97032578540986,9.61524130553517,83.88892000853302
211.7858937804404,116.1998573425539,10.8448500251722,80.69391096839621,3.955870759533962,138.467970891154
26.46508687743709,17.172363853512024,65.04633861028222,27.71225129269322,3.916567856895531,46.669115475793085
247.44871749065507,366.57653455859463,142.4127487336461,82.67989160782615,3.4698323321196067,249.50431642894816
213.34145701116637,55.92292232715504,44.36142316397493,50.327312544081906,5.459935312741093,131.66463410375167
28.99789028936043,234.8414254505589,136.31932449835887,8.628769634298784,1.6260359274670224,106.44478152290671
30.027125655131616,116.88153606801035,194.13284899091772,6.796541995153941,5.58174370504431,89.61016786041182
296.0586756578468,226.12942098115943,23.310639578936584,34.08959355091002,5.4628776428590395,216.60015698150588
115.40988474805549,264.0539514572271,136.15741305389963,78.70480073403529,7.642827944788213,201.81502134211027
114.33943338473281,333.59930344580863,91.53129276439137,71.06041253935066,8.353134623182097,217.24501855182388
244.77587234096325,90.50429598663526,174.28773960361355,79.07288150256824,4.460369368092998,159.7037343141831
284.4383303282383,14.288373176807386,39.54420894224025,52.20963658771933,3.0930991685797884,151.0000486590242
295.87031382774694,63.38539572683484,140.06206068410208,44.57970079759357,2.6674154834392354,177.27896335943092
227.24656465138779,361.007270320761,168.4324814813815,15.597800143922111,2.0267759833782324,216.25508214867875
115.99657773162015,350.81713024938097,189.19977279743452,33.49108260732184,0.6707110637703463,185.4541874643383
29.632711426107285,242.99110984642024,138.23336551648094,43.96791725121365,3.4902349904636623,135.8010399375823
234.25834019859386,244.20157556912483,101.94907898164332,9.771442538282106,2.7754521520947546,180.78767360019717
169.7292536720625,269.36430307303965,125.4802118392367,22.840583318409916,9.667532120077432,202.69570429674607
130.145492727858,78.39479866314534,174.43647197335005,60.22430411231014,5.621317379875435,137.32591586646504
272.37454360294714,366.62065891073433,116.26890059457179,73.83064830967979,3.538042686402025,258.3511365450909
37.80325728031465,173.32050470790853,10.925476640883188,99.83640362790202,5.84662924983759,112.9415513529601
150.32440576580345,159.42402601730402,186.53499562386068,93.37821980301221,1.4780473433223857,146.74442053481678
8.349325206388626,212.37790506030663,139.45771645115443,64.61395475398396,4.496033117101809,113.84739351595175
143.25488938826726,28.316727042271467,136.92011022656308,42.70355727611313,6.299719782068532,101.9932182454878
21.60946632614202,74.85051381487096,47.05665471755485,63.981559106115036,4.940088534745269,77.37638179722592
40.051285299081215,297.83311040628445,133.48266669536815,78.77951018994297,4.07761012647781,158.6806154867157
39.67024279924594,42.29148049079932,81.8035591025609,12.715282901415344,9.939099050107012,85.40901327719058
196.51703912423875,245.22932269189138,131.99043052309094,41.580584079932535,8.815116145274377,213.17352514579852
225.08323938329988,105.68615277571517,25.78564091005819,84.14042627792611,6.271718985778457,148.779268208168
177.0937857036621,161.82528947637084,133.27983439759203,38.999462241371354,5.7368358757046,170.43975772697377
288.84090179998987,122.59055734057296,199.88567652528,57.61535485149147,6.244538750263382,215.00689922830335
115.5868209594927,148.71235942133015,14.401347577808426,59.18916672535762,2.092989867442089,108.05052680773005
89.28506545314892,290.42790302185574,195.54896592315689,19.263149060230297,4.011863658316754,175.6264604764438
261.2367428158908,125.87746909303826,84.34705234095976,36.86130872357655,0.4906493756199033,153.49124852902156
70.96077236323853,230.8978097157899,174.79692281576553,34.11661758545128,4.807905771119584,148.23059401468797
289.1506491349803,195.65965685764888,157.56516939136333,3.5934741446744147,5.4759433811808655,207.65709458387374
8.58557003349582,268.8317544914328,115.56817089240022,3.3949846252441693,2.3547223874217753,107.5181603409591
291.1142538787535,375.3635983366556,148.99759580400868,83.33800732390158,9.643885586938586,298.7642267209537
17.73217402541995,295.7031179119976,176.31053445376284,28.03401018730843,9.103600648278697,164.00934190967726
267.887218540931,93.82674765039513,83.80736272195143,52.289797857642725,7.249218031013468,181.46344863618413
160.67182718045845,22.161422673901022,68.77146650483155,30.573831785288533,5.3805276247770895,106.43959967053448
297.9246148551936,112.28297727693179,135.18071018489903,94.12724526641871,8.712694680512081,227.60947978726426
26.769986596942665,242.08039297309938,162.52995867854543,26.670379127711602,1.393458203852283,104.85179495821183
168.38701389838963,30.056067258857635,153.64560128144007,43.536024461154575,7.926046963321362,119.65425212049263
290.9442480076342,203.58283640848217,160.57366152743373,87.40029479797558,1.3357260582717982,226.42441509155245
159.3138640301939,242.7687110775868,89.93874638852193,84.35142311238906,7.962685559239113,207.61314446854513
190.67259824990245,140.35511741861473,164.4776721541292,19.424040366781455,2.830098925688434,137.99361345502246
210.24586325046207,310.65575946087057,28.440765797268647,80.46168766977533,8.78319675208007,238.9983802980027
139.08961410649312,51.573318722171,111.17537410236567,46.36050178705137,9.446016728871438,129.061764787034
190.1296336247987,39.30373487696542,6.122938797133706,48.813918336450165,1.573080097110645,103.83693226523133
177.37272201731457,293.99361491940533,68.2942368305527,14.214517269178435,4.680488490147396,193.74273243359244
270.84161309484176,203.2416133204174,76.45999929992259,8.979549861955341,9.811775043810583,224.5678813661394
18.406682200730074,278.47693460681705,82.2536748638048,73.06599139040276,4.885733616134151,123.02873131256469
87.88414092970794,179.58266205546101,140.61610530452313,50.149654083174674,8.649120472893998,144.44522276859865
285.3713878025848,106.09679296325166,80.76882974771742,44.248219558902775,5.9284420691000665,178.95958913135934
267.6278162478203,329.44990389293787,92.49525641139348,73.22131463658728,3.8157660884040587,233.2183631315234
139.41874207178532,321.77219279790194,51.32110552049386,76.78577700011986,2.9292571997061154,179.08434601818314
187.93911635145335,280.9316236332264,77.78409936772131,16.731908599266003,2.111908601752264,172.3086775449018
86.82744897943414,116.13660351968545,49.31757731631454,61.41228979828649,7.6418020946392025,125.67447848946159
60.49574211850959,240.18996007894395,19.27320513484651,14.400054145490866,3.9267510175479763,134.12882744021994
141.79102945729474,150.77981980661045,122.6724757093687,75.38613351687552,5.161627075787436,141.7638216127622
109.23890726768558,45.71700859738732,135.30149571822818,66.03856047044681,4.974022252011701,104.80882737057021
177.17855299600726,367.7522944302747,125.80061747187483,95.70484748726234,5.815062389407999,237.41981907346835
27.931717904670528,63.35926605839495,95.3813385411116,7.826843619285697,8.669213741683068,88.56737661303451
292.4464682615191,380.59256799011297,79.05822713494982,6.648417393974177,9.80931950147595,289.5331723410746
295.93216962148284,183.94225145360275,173.35006166650592,28.936520394626815,4.135083664880788,221.88644399878845
